fold,n_test,auc
1,36,0.9415584415584415
2,36,0.9619047619047619
3,35,0.9931972789115646
4,35,0.9863945578231293
5,35,0.9931972789115646
